label_id,dossier,pyc,pnx_file,lan_nhan_xet,item_no,trang,muc,noi_dung_nhan_xet,phan_hoi_don_vi,rule_ref_goi_y,do_tin_cay,can_cu_goi_y,ghi_chu_goi_y,da_kiem,goi_y_dung,rule_ref,checklist_ref,vong,ngoai_pham_vi,ghi_chu
PNX_giam sat cuoc goi CSKH_bosung2022v4|R2-05-01,cap moi GSCG CSKH_bosung2022 23096,PYC-23096,PNX_giam sat cuoc goi CSKH_bosung2022v4.docx,2,5,,,"Tính thông lượng FW, LB",N/A,FWL-04; FWL-02; LBA-01; LBA-02,cao,Thông lượng FW / LB,,x,Thừa,FWL-04; FWL-02; LBA-01,CL-3.x.9; CL-3.x.10; CL-3.x.11; CL-3.x.12,2,,LBA-02 (chọn bandwidth port) chưa được nhắc tới ở nhận xét này.
PNX_PBH 4.0v2|R1-08-02,cap moi PBH 4.0 20043,PYC-20043,PNX_PBH 4.0v2.docx,1,8,,,Xem lại “Đề xuất Mạng: tối thiểu 10Gbps trên mỗi node”,Đã bổ xung thêm mục tính toán,LAN-02; LAN-03; FWL-02; LBA-02; EVD-10,cao,Băng thông / tốc độ truyền,,x,Thừa,LAN-02; LAN-03,,2,,"Là băng thông mạng nội bộ mỗi node, không phải FW/LB. Bỏ FWL-02, LBA-02, EVD-10."
PNX_Data Security VTTv2|R2-07-01,cap moi Data Security VTT 18476,PYC-18476,PNX_Data Security VTTv2.docx,2,7,,,Bổ sung sở cứ sử dụng SSD,,STO-14; STO-15; STO-03; KPI-07; PRC-01; EVD-03,cao,SSD / loại ổ,,x,Thừa,STO-14; PRC-01,CL-3.x.18; CL-2.5,2,,"Hỏi CĂN CỨ chọn SSD. STO-15/KPI-07 là ngưỡng dùng SSD, chưa phải việc ở đây."
PNX_CAMPAIGN_MANAGEMENT_v3|R2-02-05,cap bo sung campaign 2.0 8964,PYC-8964,PNX_CAMPAIGN_MANAGEMENT_v3.docx,2,2,,IV.1.1,Bổ sung lại sở cứ sử dụng SSD,"- Đã sửa lại thông tin tên CPU - Đã bổ sung sở cứ dung lượng log + file cài đặt -1 server cần 68.42cint 2017 => 10 server cần 684.2 - Đã bổ sung đề xuất số server cụm Hadoop IDC là 11 (N+1) - Sử dung SSD để đáp ứng xử lý Campaign Online, hiện tại đang sử dụng SSD",STO-14; STO-15; STO-03; KPI-07; PRC-01; EVD-03,cao,SSD / loại ổ,,x,Thừa,STO-14; PRC-01,CL-3.x.18; CL-2.5,2,,Như dòng 3.
PNX_Sizing_APIGW-Meta_2024v4|R2-01-02,cap moi APIGW-Meta_2024 18927,PYC-18927,PNX_Sizing_APIGW-Meta_2024v4.docx,2,1,8,,Trang 8: Giải thích cho lưu lượng 0.042Gbps,,LAN-02; LAN-03; FWL-02; LBA-02,cao,Băng thông / tốc độ truyền,,x,Thiếu,PRC-01; LAN-02,CL-2.5,2,,Cốt lõi là đòi SỞ CỨ cho con số 0.042Gbps — máy bỏ sót PRC-01.
PNX_hethongVtag_v4|R1-02-01,cap moi hethong Vtag,,PNX_hethongVtag_v4.docx,1,2,,,- Xem lại giá trị Cint đưa ra không đồng nhất trong toàn văn bản (226; 12.6; 25.1;…)  rất khó để thẩm định.,Đã bổ sung giải thích công thức tính.,CPU-01; CPU-02; CPU-10; EVD-10,cao,Cint / SPEC CPU,,x,Thừa,EVD-10; CPU-01,CL-2.9; CL-3.x.20; CL-3.x.13,2,,Giá trị Cint mâu thuẫn giữa các phần của tài liệu.
PNX_Data Security VTTv2|R2-02-02,cap moi Data Security VTT 18476,PYC-18476,PNX_Data Security VTTv2.docx,2,2,,,Link tham chiếu cpu đang không đúng,,CPU-05; CPU-06; CPU-09,cao,CPU sử dụng,,x,S,CPU-01; PRC-01,CL-3.x.13; CL-2.5,2,,"Link tham chiếu SPEC sai là lỗi SỞ CỨ, không phải công thức CPU sử dụng. Máy gán CPU-05/06/09 là sai."
PNX_PBH 4.0v2|R2-04-02,cap moi PBH 4.0 20043,PYC-20043,PNX_PBH 4.0v2.docx,2,4,,,bổ sung sở cứ sử dụng SSD,,STO-14; STO-15; STO-03; KPI-07; PRC-01; EVD-03,cao,SSD / loại ổ,,x,Thừa,STO-14; PRC-01,CL-3.x.18; CL-2.5,2,,Như dòng 3.
PNX_MNP|R1-06-01,cap moi MNP 32034,PYC-32034,PNX_MNP.docx,1,6,,,Cint quy đổi về 2017 để tính toán,,CPU-01; CPU-02; CPU-10,cao,Cint / SPEC CPU,,x,Thừa,CPU-02,CL-3.x.13,2,,Đúng một việc: quy đổi SPEC CPU2006 sang CPU2017.
PNX_Data Security VTTv2|R2-03-03,cap moi Data Security VTT 18476,PYC-18476,PNX_Data Security VTTv2.docx,2,3,,,ảnh show dữ liệu “1070 byte” cần có thêm thông tin ip của hệ thống tham chiếu,,MTH-01; MTH-03; MTH-04; EVD-04,cao,Cơ sở định cỡ / hệ tham chiếu + KHOẢNG TRỐNG · Chất lượng ảnh sở cứ,Rất nhiều nhận xét là về ảnh sở cứ mờ/không khớp số liệu. Không quy tắc nào ràng buộc chất lượng ảnh minh chứng. Khoảng trống MỚI — liên quan trực tiếp C2/vision và NT4.,x,Thừa,EVD-04,CL-2.5,2,,"Đòi ảnh sở cứ nêu đủ thông tin hệ THAM CHIẾU. MTH-01/03/04 là phương pháp định cỡ, không phải việc ở đây. Chạm khoảng trống ""chất lượng ảnh sở cứ""."
PNX_PBH 4.0v2|R1-01-05,cap moi PBH 4.0 20043,PYC-20043,PNX_PBH 4.0v2.docx,1,1,,,"Các ảnh chụp cấu hình, tải phải kèm theo ip, dung lượng kèm đường dẫn tương ứng, kèm chú thích rõ ràng","Đã bổ xung thêm sở cứ Đã tính toán lại số liệu sizing Đã bổ xung các ảnh chụp cấu hình, kèm ip, dung lượng Mục đích định cở sizing là cho hệ thống mới Bản sizing cho cụm k8s, lưu trữ Ceph S3 cho hệ thống, không bao gồm sizing cho database.",STO-04; KPI-06; EVD-01,cao,Dung lượng lưu trữ + KHOẢNG TRỐNG · Chất lượng ảnh sở cứ,Rất nhiều nhận xét là về ảnh sở cứ mờ/không khớp số liệu. Không quy tắc nào ràng buộc chất lượng ảnh minh chứng. Khoảng trống MỚI — liên quan trực tiếp C2/vision và NT4.,x,S,,,,,"Là YÊU CẦU VỀ CHẤT LƯỢNG ẢNH SỞ CỨ (kèm ip, đường dẫn, chú thích) — KHOẢNG TRỐNG, không quy tắc nào phủ. Máy khớp nhầm STO-04/KPI-06/EVD-01 vì chữ ""dung lượng""."
PNX_MNP|R1-02-02,cap moi MNP 32034,PYC-32034,PNX_MNP.docx,1,2,1,,Bổ sung mục đích sizing,,PRC-11,cao,Mục đích sizing,PRC-11 được BỔ SUNG 2026-09-03 (người dùng duyệt) đúng để phủ chủ đề này — trước đó rules.yaml không có quy tắc nào khớp.,x,Đ,PRC-11,CL-2.1,1,,Đúng quy tắc vừa bổ sung 2026-09-03.
PNX_CAMPAIGN_MANAGEMENT_v3|R1-02-03,cap bo sung campaign 2.0 8964,PYC-8964,PNX_CAMPAIGN_MANAGEMENT_v3.docx,1,2,,I,Bổ sung thông tin: kết nối hệ thống,Đã sửa lại nội dung sizing và bổ sung sở cứ,ARC-15; ARC-16,cao,Kết nối tới hệ thống khác,,x,Đ,ARC-15; ARC-16,CL-3.x.9; CL-3.x.10,1,,
PNX_PL07_Sizing_Mybox_update_20251803|R1-04-02,cap moi Mybox 38327,PYC-38327,PNX_PL07_Sizing_Mybox_update_20251803.docx,1,4,,,Server đang chạy thật thì lấy tải trong khoảng thời gian (tuần/tháng) để đánh giá tần suất biến động tải,Server thật nhưng mà trong quá trình thực hiện test,KPI-01; KPI-10,cao,Khoảng đo tải / 95th,,x,Thừa,KPI-10,CL-2.5,2,,Cốt lõi là khoảng đo tải phải đủ dài. KPI-01 (95th) là việc khác.
PNX_callbot inbound CSKH_bosung videobot XMKH_v1.2v2|R2-06-01,cap moi callbot inbound CSKH_bosung videobot XMKH 35485,PYC-29293,PNX_callbot inbound CSKH_bosung videobot XMKH_v1.2v2.docx,2,6,10,,Sở cứ cho các số liệu bảng tính toán dung lượng trên từng server ( trang 10),,STO-04; KPI-06; EVD-01; PRC-01; EVD-03,cao,Dung lượng lưu trữ,,x,Thừa,PRC-01; STO-04,CL-2.5; CL-3.x.16; CL-3.x.17,2,,
PNX_PL07_Sizing_Mybox_update_20251803|R2-04-03,cap moi Mybox 38327,PYC-38327,PNX_PL07_Sizing_Mybox_update_20251803.docx,2,4,,,"Định cỡ cụm máy chủ ELK (Elasticsearch): Cập nhật lại các anh tải hệ thống thể hiện đủ thông tin ip của server, hiện tại ảnh bị mờ và chưa có thông tin ip. ( ảnh và giá trị tính không đồng nhất, cần khoanh tròn vào thông tin lấy gí trị trên ảnh để dễ đối soát)",,EVD-10,khoảng trống,KHOẢNG TRỐNG · Chất lượng ảnh sở cứ,Rất nhiều nhận xét là về ảnh sở cứ mờ/không khớp số liệu. Không quy tắc nào ràng buộc chất lượng ảnh minh chứng. Khoảng trống MỚI — liên quan trực tiếp C2/vision và NT4.,x,S,,,,,"Ảnh mờ, thiếu ip — KHOẢNG TRỐNG chất lượng ảnh sở cứ. EVD-10 (nhất quán tổng) là sai."
PNX_Data Security VTTv2|R1-05-03,cap moi Data Security VTT 18476,PYC-18476,PNX_Data Security VTTv2.docx,1,5,,,Ghi rõ công thức tính để dễ đối soát(đang để mỗi kết quả),Bổ sung sở cứ cho kết quả đo ram kèm công thức (trang 5),,khoảng trống,KHOẢNG TRỐNG · Phải trình bày công thức,"PNX đòi hiện phép tính, không chỉ kết quả. EVD-09 chỉ yêu cầu truy được nguồn số. Khoảng trống đã biết.",x,Đ,,,,,"KHOẢNG TRỐNG ""phải trình bày công thức"" — máy nhận đúng là không có quy tắc phủ."
PNX_hethongVtag_v4|R1-07-01,cap moi hethong Vtag,,PNX_hethongVtag_v4.docx,1,7,,,- Công thức tính không đúng,,,khoảng trống,KHOẢNG TRỐNG · Phải trình bày công thức,"PNX đòi hiện phép tính, không chỉ kết quả. EVD-09 chỉ yêu cầu truy được nguồn số. Khoảng trống đã biết.",x,S,,,,,"Đây là ""công thức tính SAI"" (lỗi Vòng 2), KHÔNG phải ""thiếu trình bày công thức"". Quy tắc cụ thể tuỳ phân hệ đang nói tới — cần đọc ngữ cảnh dòng trên."
PNX_FMRA_Sizing_server_Backup_2024_Final_New|R1-03-03,cap moi FMRA_Sizing_server_Backup_2024 58352,PYC-58352,PNX_FMRA_Sizing_server_Backup_2024_Final_New.docx,1,3,,,Bổ sung ảnh sở cứ tải hệ thống hiện tại cần hiển thị thông tin ip máy chủ và số lượng 250k thuê bao với 85 đặc trưng,,PRC-01; EVD-03,khoảng trống,KHOẢNG TRỐNG · Chất lượng ảnh sở cứ,Rất nhiều nhận xét là về ảnh sở cứ mờ/không khớp số liệu. Không quy tắc nào ràng buộc chất lượng ảnh minh chứng. Khoảng trống MỚI — liên quan trực tiếp C2/vision và NT4.,x,Đ,PRC-01,CL-2.5,2,,Đòi bổ sung ảnh sở cứ tải hiện tại. Chạm khoảng trống chất lượng ảnh.
PNX_hethongVtag_v4|R1-05-01,cap moi hethong Vtag,,PNX_hethongVtag_v4.docx,1,5,8,,- Trang 8: Bổ sung ảnh thực tế tải của các server,Tải thực tế của các server đã có trong từng mục nội dung của từng server.,,khoảng trống,KHOẢNG TRỐNG · Chất lượng ảnh sở cứ,Rất nhiều nhận xét là về ảnh sở cứ mờ/không khớp số liệu. Không quy tắc nào ràng buộc chất lượng ảnh minh chứng. Khoảng trống MỚI — liên quan trực tiếp C2/vision và NT4.,x,Thiếu,PRC-01,CL-2.5,2,,Máy để trống; thực chất là đòi sở cứ tải thực tế.
PNX_He thong CMP_Phan hoi NX lan 2|R1-02-03,cap moi CMP 40562,PYC-35119,PNX_He thong CMP_Phan hoi NX lan 2.docx,1,2,,,"Bổ sung thông tin sở cứ đầu vào của các giá trị này (hình ảnh, văn bản,...)","3,000,000 thuê bao (yêu cầu từ Chủ trương Dự án đầu tư). Định cỡ số lượng người dùng tương ứng 3 triệu thuê bao: 3000000/710051*301 = 1271 người dùng và TPS: 29/301*1271 = 122.",PRC-01; EVD-03,khoảng trống,KHOẢNG TRỐNG · Chất lượng ảnh sở cứ,Rất nhiều nhận xét là về ảnh sở cứ mờ/không khớp số liệu. Không quy tắc nào ràng buộc chất lượng ảnh minh chứng. Khoảng trống MỚI — liên quan trực tiếp C2/vision và NT4.,x,Đ,PRC-01,CL-2.5,2,,
PNX_PL07_Sizing_Mybox_update_20251803|R1-05-03,cap moi Mybox 38327,PYC-38327,PNX_PL07_Sizing_Mybox_update_20251803.docx,1,5,,,"Định cỡ cụm máy chủ ELK (Elasticsearch): Cập nhật lại các anh tải hệ thống thể hiện đủ thông tin ip của server, hiện tại ảnh bị mờ và chưa có thông tin ip.","Có thông tin hostname thay thế cho IP, ảnh gốc vẫn nhìn được.",EVD-10,khoảng trống,KHOẢNG TRỐNG · Chất lượng ảnh sở cứ,Rất nhiều nhận xét là về ảnh sở cứ mờ/không khớp số liệu. Không quy tắc nào ràng buộc chất lượng ảnh minh chứng. Khoảng trống MỚI — liên quan trực tiếp C2/vision và NT4.,x,S,,,,,Như dòng 16.
PNX_CALLBASE|R1-04-01,cap moi CALLBASE 44087,PYC-44087,PNX_CALLBASE.docx,1,4,,,"Cập nhật ảnh sở cứ ngay tại giá trị cần làm rõ để dễ tham chiếu, hiện tại đang để ở cuối.",,PRC-01; EVD-03; EVD-10,khoảng trống,KHOẢNG TRỐNG · Chất lượng ảnh sở cứ,Rất nhiều nhận xét là về ảnh sở cứ mờ/không khớp số liệu. Không quy tắc nào ràng buộc chất lượng ảnh minh chứng. Khoảng trống MỚI — liên quan trực tiếp C2/vision và NT4.,x,Thừa,PRC-01,CL-2.5,2,,Đòi ĐẶT ảnh sở cứ ngay cạnh giá trị — thuộc khoảng trống trình bày sở cứ. EVD-03/EVD-10 không đúng việc.
PNX_He thong CMP_Phan hoi NX lan 2|R1-07-03,cap moi CMP 40562,PYC-35119,PNX_He thong CMP_Phan hoi NX lan 2.docx,1,7,,,"Bổ sung các hình ảnh thực tế đo đạc, thực trạng hệ thống hiện tại","Bổ sung sở cứ tải hệ thống bằng các hình ảnh thực tế đo đạc và cập nhật phương pháp định cỡ, Cập nhật công thức tính tổng tài nguyên hiện có của module nhân với tỉ lệ TPS, Kpi Ksaiso rồi chia hệ số N phù hợp",,khoảng trống,KHOẢNG TRỐNG · Chất lượng ảnh sở cứ,Rất nhiều nhận xét là về ảnh sở cứ mờ/không khớp số liệu. Không quy tắc nào ràng buộc chất lượng ảnh minh chứng. Khoảng trống MỚI — liên quan trực tiếp C2/vision và NT4.,x,Thiếu,PRC-01,CL-2.5,2,,Máy để trống; là đòi sở cứ đo đạc thực tế.
PNX_Mykid 2.0 v2|R1-07-02,cap moi Mykid 2.0 30959,PYC-30959,PNX_Mykid 2.0 v2.docx,1,7,21,,"Bổ sung lại ảnh sở cứ, ảnh mờ không nhìn rõ",Sử dụng sở cứ chung ở Thông tin đầu vào của sizing,PRC-01; EVD-03,khoảng trống,KHOẢNG TRỐNG · Chất lượng ảnh sở cứ,Rất nhiều nhận xét là về ảnh sở cứ mờ/không khớp số liệu. Không quy tắc nào ràng buộc chất lượng ảnh minh chứng. Khoảng trống MỚI — liên quan trực tiếp C2/vision và NT4.,x,Đ,PRC-01,CL-2.5,2,,"Vừa thiếu ảnh vừa mờ — phần ""mờ"" thuộc khoảng trống chất lượng ảnh."
PNX_Sizing_APIGW-Meta_2024v4|R1-03-02,cap moi APIGW-Meta_2024 18927,PYC-18927,PNX_Sizing_APIGW-Meta_2024v4.docx,1,3,5,,"Bổ sung sở cứ cho số liệu, ảnh chụp hiện thị cả ip",Đã bổ sung,PRC-01; EVD-03,khoảng trống,KHOẢNG TRỐNG · Chất lượng ảnh sở cứ,Rất nhiều nhận xét là về ảnh sở cứ mờ/không khớp số liệu. Không quy tắc nào ràng buộc chất lượng ảnh minh chứng. Khoảng trống MỚI — liên quan trực tiếp C2/vision và NT4.,x,Đ,PRC-01,CL-2.5,2,,
PNX_Data Security VTTv2|R1-04-03,cap moi Data Security VTT 18476,PYC-18476,PNX_Data Security VTTv2.docx,1,4,3,,Ghi rõ công thức tính để dễ đối soát(đang để mỗi kết quả),Đã bổ sung sở cứ cho các số liệu trong bảng định cỡ cpu (trang 5) Cột ghi chú có công thức tính để dễ đối soát (trang 5) Đã thay dự phòng theo KPI 75%,,khoảng trống,KHOẢNG TRỐNG · Phải trình bày công thức,"PNX đòi hiện phép tính, không chỉ kết quả. EVD-09 chỉ yêu cầu truy được nguồn số. Khoảng trống đã biết.",x,Đ,,,,,Như dòng 17.
PNX_Mykid 2.0 v2|R1-03-03,cap moi Mykid 2.0 30959,PYC-30959,PNX_Mykid 2.0 v2.docx,1,3,2,,Bổ sung ảnh chụp cho sở cứ 39022,Bổ sung sở cứ file KH 4084/KH-CNTT&DVS làm sở cứ cho số liệu đầu vào Tamdtt1 đã bổ sung Bổ sung ảnh chụp cho sở cứ 39022 Tamdtt1 đã bổ sung,PRC-01; EVD-03,khoảng trống,KHOẢNG TRỐNG · Chất lượng ảnh sở cứ,Rất nhiều nhận xét là về ảnh sở cứ mờ/không khớp số liệu. Không quy tắc nào ràng buộc chất lượng ảnh minh chứng. Khoảng trống MỚI — liên quan trực tiếp C2/vision và NT4.,x,Đ,PRC-01,CL-2.5,2,,
PNX_PL07_Sizing_Mybox_update_20251803|R1-11-03,cap moi Mybox 38327,PYC-38327,PNX_PL07_Sizing_Mybox_update_20251803.docx,1,11,8,,Trang 8 bổ sung sở cứ cho: 700K file ảnh,Đã bổ sung sở cứ,PRC-01; EVD-03,khoảng trống,KHOẢNG TRỐNG · Chất lượng ảnh sở cứ,Rất nhiều nhận xét là về ảnh sở cứ mờ/không khớp số liệu. Không quy tắc nào ràng buộc chất lượng ảnh minh chứng. Khoảng trống MỚI — liên quan trực tiếp C2/vision và NT4.,x,Đ,PRC-01,CL-2.5,2,,"⚠️ Máy khớp nhầm mẫu ""ảnh"": ""700K file ảnh"" là DỮ LIỆU của hệ thống, không phải ảnh sở cứ. Mã gán vẫn đúng nhưng căn cứ ghi sai."
PNX_CAMPAIGN_MANAGEMENT_v3|R1-01-02,cap bo sung campaign 2.0 8964,PYC-8964,PNX_CAMPAIGN_MANAGEMENT_v3.docx,1,1,,,Bổ sung sở cứ tăng trưởng là 20%,Đã bổ sung các thông tin sở cứ P.HT yêu cầu,PRC-01; EVD-03,khoảng trống,KHOẢNG TRỐNG · Sở cứ tốc độ tăng trưởng,KPI-16 (tăng trưởng 01 năm) đang enabled:false vì mâu thuẫn với ALC-01 (06 tháng). Khoảng trống đã biết.,x,Đ,PRC-01,CL-2.5,2,,"Chạm KHOẢNG TRỐNG ""sở cứ tốc độ tăng trưởng"" — KPI-16 đang enabled:false."
PNX_He thong CMP_Phan hoi NX lan 2|R1-03-01,cap moi CMP 40562,PYC-35119,PNX_He thong CMP_Phan hoi NX lan 2.docx,1,3,,,4.2 Cấu hình các server trên hệ thống CMP hiện tại,Cập nhật sở cứ cấu hình server CMP trên Vcloud,,không xác định,,,x,Đ,,,,x,"Tiêu đề mục, không phải yêu cầu. Đúng khi không gán quy tắc."
PNX_Data Security VTTv2|R2-09-04,cap moi Data Security VTT 18476,PYC-18476,PNX_Data Security VTTv2.docx,2,9,,,Chi tiết từng phân hệ của dự án cập nhật rõ thông tin: IP Public,,,không xác định,,,x,Thiếu,EVD-17,CL-3.x.1,1,,"Đòi mô tả chi tiết phân hệ (IP Public) — EVD-17, Vòng 1."
PNX_FMRA_Sizing_server_Backup_2024_Final_New|R1-03-01,cap moi FMRA_Sizing_server_Backup_2024 58352,PYC-58352,PNX_FMRA_Sizing_server_Backup_2024_Final_New.docx,1,3,,,Mục định cỡ thiết bị máy chủ,,,không xác định,,,x,Đ,,,,x,Tiêu đề mục.
PNX_He thong CMP_Phan hoi NX lan 2|R1-10-01,cap moi CMP 40562,PYC-35119,PNX_He thong CMP_Phan hoi NX lan 2.docx,1,10,,,5.2.1 Load balancer,Cập nhật sở cứ giả thiết Công thức tính toán LB không cần KPI,,không xác định,,,x,Đ,,,,x,Tiêu đề mục.
PNX_Data Security VTTv2|R2-09-02,cap moi Data Security VTT 18476,PYC-18476,PNX_Data Security VTTv2.docx,2,9,,,Chi tiết từng phân hệ của dự án cập nhật rõ thông tin: Module,,,không xác định,,,x,Thiếu,EVD-17,CL-3.x.1,1,,Như dòng 32.
PNX_StrongSwan|R1-02-01,cap moi StrongSwan 40325,PYC-40325,PNX_StrongSwan.docx,1,2,,,Thông lượng đề xuất sửa lại theo số liệu tính toán,,,không xác định,,,x,Thiếu,FWL-02,CL-3.x.12,2,,Đòi sửa lại thông lượng đề xuất theo số tính toán.
PNX_SSO 2.0_v3|R1-03-01,cap moi SSO 2.0 46385,PYC-46385,PNX_SSO 2.0_v3.docx,1,3,,,Mục: thông tin cần bổ sung,"Chỉ có các hệ thống khác kết nối đến SSO để xác thực tập trung như đã mô tả trong mục I.2.4 Đã bổ sung định cỡ FW, LB trong mục III.2.3 Không sử dụng SSD Đã bổ sung tổng hợp số liệu đề xuất cấp phát tài nguyên tại mục III.3",,không xác định,,,x,Đ,,,,x,Tiêu đề mục.
PNX_Sizing_APIGW-Meta_2024v4|R1-02-03,cap moi APIGW-Meta_2024 18927,PYC-18927,PNX_Sizing_APIGW-Meta_2024v4.docx,1,2,,I,Thông tin đầu vào chi tiết,Đã bổ sung mục đích sizing Sẽ bổ sung sở cứ sau khi Đơn vị yêu cầu (TTDĐ) ký tờ trình BTGĐ,,không xác định,,,x,Đ,,,,x,Tiêu đề mục.
PNX_APIGee Mini Appv2|R1-06-01,cap moi APIGee Mini App 64015,PYC-64015,PNX_APIGee Mini Appv2.docx,1,6,,,Mục đề xuất của đối tác,Với TPS trung bình là 5000 thì tổng request trung bình là 5000*60*60*24 =432tr request,,không xác định,,,x,Đ,,,,x,Tiêu đề mục.
PNX_He thong CMP_Phan hoi NX lan 2|R1-07-01,cap moi CMP 40562,PYC-35119,PNX_He thong CMP_Phan hoi NX lan 2.docx,1,7,,,5.1.3 Định cỡ module PostgreSQL,"Bổ sung sở cứ tải hệ thống bằng các hình ảnh thực tế đo đạc và cập nhật phương pháp định cỡ, Cập nhật công thức tính tổng tài nguyên hiện có của module nhân với tỉ lệ TPS, Kpi Ksaiso rồi chia hệ số N phù hợp",,không xác định,,,x,Đ,,,,x,Tiêu đề mục.
PNX_callbot inbound CSKH_bosung videobot XMKH_v1.2v2|R2-07-01,cap moi callbot inbound CSKH_bosung videobot XMKH 35485,PYC-29293,PNX_callbot inbound CSKH_bosung videobot XMKH_v1.2v2.docx,2,7,,,Tài nguyên này có trong QHĐC chưa,,,không xác định,,,x,Thiếu,PRC-06,,2,,"⚠️ CHƯA CHẮC: ""QHĐC"" chưa rõ viết tắt của gì (quy hoạch đấu chuyển?). Tạm gán PRC-06 (phương án cấp phát thống nhất với VTNet). Cần hỏi đơn vị."
PNX_PBH 4.0v2|R2-02-02,cap moi PBH 4.0 20043,PYC-20043,PNX_PBH 4.0v2.docx,2,2,,,Cint_rate_2017: 175*20/32 = 109.375  chỗ này sao lại *20/32,,,không xác định,,,x,Thiếu,CPU-03; CPU-02,CL-3.x.13,2,,Chất vấn phép quy đổi 175*20/32 — thuộc quy đổi SPEC theo tỷ lệ vCPU.
PNX_Data Security VTTv2|R2-09-05,cap moi Data Security VTT 18476,PYC-18476,PNX_Data Security VTTv2.docx,2,9,,,Chi tiết từng phân hệ của dự án cập nhật rõ thông tin: Hệ điều hành,,,không xác định,,,x,Thiếu,EVD-18,CL-3.x.2,1,,"Hệ điều hành = công nghệ sử dụng của phân hệ, EVD-18, Vòng 1."
PNX_C360_Public|R1-03-07,cap moi C360_Public 9367,PYC-9367,PNX_C360_Public.docx,1,3,,III,"Dữ liệu cần cho 300CCU/2 node là 2G, không phải 1G.",,,không xác định,,,x,Thiếu,ARC-08; RAM-02,CL-3.x.20; CL-3.x.14,2,,Sửa số liệu tài nguyên chia trên 2 node.
PNX_Data Security VTTv2|R2-04-01,cap moi Data Security VTT 18476,PYC-18476,PNX_Data Security VTTv2.docx,2,4,,,Lập bảng giá trị,,,không xác định,,,x,Thiếu,EVD-16; EVD-22,CL-2.9; CL-3.x.20,1,,Đòi lập bảng tổng hợp giá trị.
PNX_He thong CMP_Phan hoi NX lan 2|R1-07-02,cap moi CMP 40562,PYC-35119,PNX_He thong CMP_Phan hoi NX lan 2.docx,1,7,,,Tương tự nhận xét module Worker,"Bổ sung sở cứ tải hệ thống bằng các hình ảnh thực tế đo đạc và cập nhật phương pháp định cỡ, Cập nhật công thức tính tổng tài nguyên hiện có của module nhân với tỉ lệ TPS, Kpi Ksaiso rồi chia hệ số N phù hợp",,tham chiếu chéo,,"Trỏ tới một nhận xét khác, không phải yêu cầu độc lập. Quy tắc nằm ở nhận xét được trỏ tới.",x,Đ,,,,x,Tham chiếu chéo tới nhận xét khác — quy tắc nằm ở nhận xét được trỏ tới.
PNX_He thong CMP_Phan hoi NX lan 2|R1-06-02,cap moi CMP 40562,PYC-35119,PNX_He thong CMP_Phan hoi NX lan 2.docx,1,6,,,Tương tự nhận xét module CMS,"Bổ sung sở cứ tải hệ thống bằng các hình ảnh thực tế đo đạc và cập nhật phương pháp định cỡ, Cập nhật công thức tính tổng tài nguyên hiện có của module nhân với tỉ lệ TPS, Kpi Ksaiso rồi chia hệ số N phù hợp",,tham chiếu chéo,,"Trỏ tới một nhận xét khác, không phải yêu cầu độc lập. Quy tắc nằm ở nhận xét được trỏ tới.",x,Đ,,,,x,Như dòng 46.
PNX_vTracking 2.0_v2|R1-01-02,cap bo sung VTracking 2.0.1 14716,PYC-14716,PNX_vTracking 2.0_v2.docx,1,1,,,Nội dung chỉnh sửa theo PNX phản hồi cụ thể trong PNX không comment trong file tài liệu để còn trình ký lãnh đạo.,Đã bổ sung theo yêu cầu,,tham chiếu chéo,,"Trỏ tới một nhận xét khác, không phải yêu cầu độc lập. Quy tắc nằm ở nhận xét được trỏ tới.",x,Đ,,,,x,Hướng dẫn cách phản hồi PNX — ngoài phạm vi kiểm tài liệu sizing.
PNX_CAMPAIGN_MANAGEMENT_v3|R2-01-03,cap bo sung campaign 2.0 8964,PYC-8964,PNX_CAMPAIGN_MANAGEMENT_v3.docx,2,1,,,Nội dung phản hồi ghi cụ thể theo từng ý của nhận xét P.HT,,,tham chiếu chéo,,"Trỏ tới một nhận xét khác, không phải yêu cầu độc lập. Quy tắc nằm ở nhận xét được trỏ tới.",x,Đ,,,,x,Như dòng 48.
PNX_He thong CMP_Phan hoi NX lan 2|R1-08-02,cap moi CMP 40562,PYC-35119,PNX_He thong CMP_Phan hoi NX lan 2.docx,1,8,,,Tương tự nhận xét module Worker,"Bổ sung sở cứ tải hệ thống bằng các hình ảnh thực tế đo đạc và cập nhật phương pháp định cỡ, Cập nhật công thức tính tổng tài nguyên hiện có của module nhân với tỉ lệ TPS, Kpi Ksaiso rồi chia hệ số N phù hợp",,tham chiếu chéo,,"Trỏ tới một nhận xét khác, không phải yêu cầu độc lập. Quy tắc nằm ở nhận xét được trỏ tới.",x,Đ,,,,x,Như dòng 46.
PNX_PL07_Sizing_Mybox_update_20251803|R1-03-02,cap moi Mybox 38327,PYC-38327,PNX_PL07_Sizing_Mybox_update_20251803.docx,1,3,1,,Bổ sung sở cứ thông tin đầu vào (trang 1): Gần 1 triệu file trong 1 ngày,Thông tin đầu vào: Các sở cứ lấy từ email của kinh doanh confirm,PRC-01; EVD-03,thấp,Sở cứ cho số liệu (chung),,x,Đ,PRC-01,CL-2.5,2,,
PNX_giam sat cuoc goi CSKH_bosung2022v3|R3-03-07,cap moi GSCG CSKH_bosung2022 23096,PYC-23096,PNX_giam sat cuoc goi CSKH_bosung2022v3.docx,3,3,6,,Bổ sung sở cứ: Năm 2023 phát sinh thêm mỗi ngày 150000 cuộc gọi/ngày,,PRC-01; EVD-03,thấp,Sở cứ cho số liệu (chung),,x,Đ,PRC-01,CL-2.5,2,,
PNX_Data Security VTTv2|R1-03-04,cap moi Data Security VTT 18476,PYC-18476,PNX_Data Security VTTv2.docx,1,3,2,,Bổ sung sở cứ cho: “Thông tin tài nguyên khởi tạo”,"Đã bổ sung sở cứ cho các số liệu thông tin đầu vào (mục II. THÔNG TIN ĐẦU VÀO). Đã bổ sung sở cứ cho thông tin cpu, ram, link tham chiếu cpu: https://www.spec.org/cgi-bin/osgresults?conf=cint2006 Đã bổ sung sở cứ cho: “Thông tin tài nguyên khởi tạo”: (mục II. THÔNG TIN ĐẦU VÀO) Đã bổ sung sở cứ cho kết quả đo cpu (trang 5)",PRC-01; EVD-03,thấp,Sở cứ cho số liệu (chung),,x,Đ,PRC-01,CL-2.5,2,,
PNX_giam sat cuoc goi CSKH_bosung2022v3|R3-03-08,cap moi GSCG CSKH_bosung2022 23096,PYC-23096,PNX_giam sat cuoc goi CSKH_bosung2022v3.docx,3,3,6,,Tính toán lại số liệu,,EVD-10,thấp,Nhất quán / tính lại số liệu (chung),,x,S,,,,,"""Tính toán lại số liệu"" quá chung, không neo được vào quy tắc nào. EVD-10 (tổng toàn hệ = Σ phân hệ) là việc khác. Cần ngữ cảnh mục để gán."
PNX_giam sat cuoc goi CSKH_bosung2022v4|R2-01-02,cap moi GSCG CSKH_bosung2022 23096,PYC-23096,PNX_giam sat cuoc goi CSKH_bosung2022v4.docx,2,1,2,,Bổ sung sở cứ cho tất cả các cấu hình đề xuất,Đã note thêm trong cột ghi chú bảng trang 2,PRC-01; EVD-03,thấp,Sở cứ cho số liệu (chung),,x,Đ,PRC-01,CL-2.5,2,,
PNX_He thong CMP_Phan hoi NX lan 2|R1-05-02,cap moi CMP 40562,PYC-35119,PNX_He thong CMP_Phan hoi NX lan 2.docx,1,5,,,Module CMS ở bảng hiện trạng hệ thống mục trên có 2 Module CMS1 và CMS2 nhưng ở đây chỉ tính 1 module => giải thích,"Bổ sung sở cứ tải hệ thống bằng các hình ảnh thực tế đo đạc và cập nhật phương pháp định cỡ, Cập nhật công thức tính tổng tài nguyên hiện có của module nhân với tỉ lệ TPS, Kpi Ksaiso rồi chia hệ số N phù hợp",EVD-10,thấp,Nhất quán / tính lại số liệu (chung),,x,Đ,EVD-10,CL-2.9; CL-3.x.20,2,,Khớp rất đúng: số module giữa hai bảng mâu thuẫn.
PNX_PL07_Sizing_Mybox_update_20251803|R1-11-02,cap moi Mybox 38327,PYC-38327,PNX_PL07_Sizing_Mybox_update_20251803.docx,1,11,8,,Trang 8 bổ sung sở cứ cho: Mybox hiện tại có 27776 user upload 50000 files/ 1 ngày(lấy theo tỷ lệ),Đã bổ sung sở cứ,PRC-01; EVD-03,thấp,Sở cứ cho số liệu (chung),,x,Đ,PRC-01,CL-2.5,2,,
PNX_StrongSwan|R1-01-03,cap moi StrongSwan 40325,PYC-40325,PNX_StrongSwan.docx,1,1,,,Tính toán lại số liệu,,EVD-10,thấp,Nhất quán / tính lại số liệu (chung),,x,S,,,,,Như dòng 54.
PNX_giam sat cuoc goi CSKH_bosung2022v4|R2-02-02,cap moi GSCG CSKH_bosung2022 23096,PYC-23096,PNX_giam sat cuoc goi CSKH_bosung2022v4.docx,2,2,5,,Bổ sung sở cứ cho: Cấu hình server thực tế đang chạy 300.000 cuộc gọi/ngày,Bổ sung thêm ảnh chụp cấu hình server Đầu vào năm 2022 theo nhu cầu là 450000 => Số lượng cuộc gọi tăng lên = 450K-300K = 150K,PRC-01; EVD-03,thấp,Sở cứ cho số liệu (chung),,x,Thiếu,PRC-01; EVD-04,CL-2.5,2,,Còn là yêu cầu nêu đủ cấu hình hệ tham chiếu — EVD-04.
PNX_callbot inbound CSKH_bosung videobot XMKH_v1.2v2|R1-05-02,cap moi callbot inbound CSKH_bosung videobot XMKH 35485,PYC-29293,PNX_callbot inbound CSKH_bosung videobot XMKH_v1.2v2.docx,1,5,5,,"Bổ sung sở cứ cho cấu hình thực hiện test tải, tải khi test","Đã bổ sung thông tin server chạy thử, tải server, lập lại bảng tính toán CCU, tính toán lại số liệu theo bảng giá trị mục III.2.2.2",PRC-01; EVD-03,thấp,Sở cứ cho số liệu (chung),,x,Thiếu,PRC-02; EVD-04,CL-2.5,2,,Sở cứ cho cấu hình và tải khi TEST → PRC-02 (biên bản kiểm thử) đúng hơn PRC-01.
PNX_SSO 2.0_v3|R1-01-03,cap moi SSO 2.0 46385,PYC-46385,PNX_SSO 2.0_v3.docx,1,1,,,Tính toán lại số liệu,Đã bổ sung,EVD-10,thấp,Nhất quán / tính lại số liệu (chung),,x,S,,,,,Như dòng 54.
PNX_FMRA_Sizing_server_Backup_2024_Final_New|R1-01-03,cap moi FMRA_Sizing_server_Backup_2024 58352,PYC-58352,PNX_FMRA_Sizing_server_Backup_2024_Final_New.docx,1,1,,,Tính toán lại số liệu,,EVD-10,thấp,Nhất quán / tính lại số liệu (chung),,x,S,,,,,Như dòng 54.
PNX_vTracking 2.0_v2|R1-01-04,cap bo sung VTracking 2.0.1 14716,PYC-14716,PNX_vTracking 2.0_v2.docx,1,1,,,Tính toán lại số liệu,Đã bổ sung theo yêu cầu,EVD-10,thấp,Nhất quán / tính lại số liệu (chung),,x,S,,,,,Như dòng 54.
PNX_callbot inbound CSKH_bosung videobot XMKH_v1.2v2|R1-04-03,cap moi callbot inbound CSKH_bosung videobot XMKH 35485,PYC-29293,PNX_callbot inbound CSKH_bosung videobot XMKH_v1.2v2.docx,1,4,4,,Bổ sung sở cứ cho tải chạy 15CCU,"Đã bổ sung thông tin server chạy thử, tải server, lập lại bảng tính toán CCU, tính toán lại số liệu theo bảng giá trị mục III.2.2.1",PRC-01; EVD-03,thấp,Sở cứ cho số liệu (chung),,x,Thiếu,PRC-01; EVD-05,CL-2.5; CL-3.x.7,2,,Tải 15CCU là thông số đầu vào định cỡ.
PNX_giam sat cuoc goi CSKH_bosung2022v4|R1-07-01,cap moi GSCG CSKH_bosung2022 23096,PYC-23096,PNX_giam sat cuoc goi CSKH_bosung2022v4.docx,1,7,,,"Module Speech processing không rõ giá trị hệ thống hiện tại để định cỡ, cần sở cứ",Có giá trị của Callbot nhắc nợ cước,PRC-01; EVD-03,thấp,Sở cứ cho số liệu (chung),,x,Thiếu,PRC-01; EVD-04; MTH-04,CL-2.5; CL-2.1; CL-2.4,2,,Không rõ hiện trạng để định cỡ → MTH-04 (định cỡ theo hiện trạng). Module Speech processing cũng chạm khoảng trống GPU/tải AI.
PNX_Data Security VTTv2|R2-02-05,cap moi Data Security VTT 18476,PYC-18476,PNX_Data Security VTTv2.docx,2,2,,,"Cấu hình hệ thống tham chiếu server hiện tại: Bổ sung thông tin CPU, link tham chiếu, quy đổi ra cint 2017",,CPU-01; CPU-02; CPU-10; CPU-05; CPU-06; CPU-09; MTH-01; MTH-03; MTH-04; EVD-04,vừa,Cint / SPEC CPU + CPU sử dụng + Cơ sở định cỡ / hệ tham chiếu,,x,Thừa,EVD-04; CPU-02; CPU-01,CL-2.5; CL-3.x.13,2,,"Máy gán 10 mã. Cốt lõi: cấu hình hệ tham chiếu phải đủ, và quy đổi ra Cint 2017."
PNX_Mykid 2.0 v2|R1-06-02,cap moi Mykid 2.0 30959,PYC-30959,PNX_Mykid 2.0 v2.docx,1,6,16,,"KPI RAM là 90%, đang tính là 75%",,RAM-01; RAM-02; KPI-02; KPI-03; KPI-04; KPI-14,vừa,RAM + Ngưỡng KPI,,x,Thừa,KPI-03; KPI-14,CL-3.x.14; CL-3.x.13; CL-3.x.17,2,,"Đúng chủ đề nhưng thừa RAM-01/02, KPI-02, KPI-04."
PNX_giam sat cuoc goi CSKH_bosung2022v3|R3-03-09,cap moi GSCG CSKH_bosung2022 23096,PYC-23096,PNX_giam sat cuoc goi CSKH_bosung2022v3.docx,3,3,6,,"Bổ sung sở cứ: 3,8 TB HDD backup dữ liệu",,STO-14; STO-15; STO-03; KPI-07; STO-04; KPI-06; EVD-01; BAK-09; BAK-02; BAK-01; PRC-01; EVD-03,vừa,SSD / loại ổ + Dung lượng lưu trữ + Sao lưu / backup,,x,Thừa,BAK-02; PRC-01,CL-3.2.19; CL-2.5,2,,Máy gán 12 mã do khớp cả SSD/dung lượng/backup. Nội dung là sở cứ cho dung lượng backup.
PNX_giam sat cuoc goi CSKH_bosung2022v4|R1-09-02,cap moi GSCG CSKH_bosung2022 23096,PYC-23096,PNX_giam sat cuoc goi CSKH_bosung2022v4.docx,1,9,,,Bổ  sung sở cứ cho Cấu hình server thực tế đang chạy 300.000 cuộc gọi/ngày: CPU  >= 196 Cint 2017,"Cấu hình server đề xuất trong sizing khác với nhận xét của P. HT Đã có sở cứ về RAM, CPU (mục 1.1)",CPU-01; CPU-02; CPU-10; CPU-05; CPU-06; CPU-09; EVD-16; EVD-22; PRC-01; EVD-03,vừa,Cint / SPEC CPU + CPU sử dụng + Bảng tổng hợp đề xuất,,x,Thừa,EVD-04; PRC-01; CPU-01,CL-2.5; CL-3.x.13,2,,"Là sở cứ cho cấu hình hệ tham chiếu, không phải bảng tổng hợp đề xuất."
PNX_hethongVtag_v4|R1-20-02,cap moi hethong Vtag,,PNX_hethongVtag_v4.docx,1,7,,,Định cỡ máy chủ Redis: - Chưa có hình ảnh thể hiện tải CPU,Hình ảnh bảng htop thể hiện thông tin sử dụng về CPU và RAM.,CPU-05; CPU-06; CPU-09; ARC-19; ARC-20; ARC-21; ARC-22; STO-19; STO-20; RAM-03,vừa,CPU sử dụng + Redis + KHOẢNG TRỐNG · Chất lượng ảnh sở cứ,Rất nhiều nhận xét là về ảnh sở cứ mờ/không khớp số liệu. Không quy tắc nào ràng buộc chất lượng ảnh minh chứng. Khoảng trống MỚI — liên quan trực tiếp C2/vision và NT4.,x,Thừa,PRC-01; CPU-05,CL-2.5; CL-3.x.13,2,,Thiếu ảnh sở cứ tải CPU. Các mã Redis không liên quan tới việc thiếu ảnh.
PNX_C360_Public|R1-03-02,cap moi C360_Public 9367,PYC-9367,PNX_C360_Public.docx,1,3,6,III,Tính toán tài nguyên RAM. CPU (trang 6),,CPU-05; CPU-06; CPU-09; RAM-01; RAM-02,vừa,CPU sử dụng + RAM,,x,Thừa,CPU-05; RAM-02,CL-3.x.13; CL-3.x.14,2,,
PNX_hethongVtag_v4|R2-02-03,cap moi hethong Vtag,,PNX_hethongVtag_v4.docx,2,2,,,"Định cỡ máy chủ Postgres: Dung lượng lưu trữ áp dụng KPI 80%, Ksai số=1.1",- Đã bổ sung dự phòng N+1 theo đề xuất - Bổ sung tính toán dung lượng lưu trữ,KPI-02; KPI-03; KPI-04; KPI-14; STO-04; KPI-06; EVD-01; EVD-10,vừa,Ngưỡng KPI + Dung lượng lưu trữ,,x,Thừa,KPI-04; STO-04,CL-3.x.17; CL-3.x.16,2,,KPI 80% cho ổ cứng và hệ số sai số trong công thức dung lượng thô.
PNX_giam sat cuoc goi CSKH_bosung2022v3|R3-02-02,cap moi GSCG CSKH_bosung2022 23096,PYC-23096,PNX_giam sat cuoc goi CSKH_bosung2022v3.docx,3,2,5,,"Ảnh ram sử dụng có 50209, dung lượng: sử dụng chưa đến 500GB, chưa có thông tin cpu",,CPU-05; CPU-06; CPU-09; RAM-01; RAM-02; STO-04; KPI-06; EVD-01,vừa,CPU sử dụng + RAM + Dung lượng lưu trữ + KHOẢNG TRỐNG · Chất lượng ảnh sở cứ,Rất nhiều nhận xét là về ảnh sở cứ mờ/không khớp số liệu. Không quy tắc nào ràng buộc chất lượng ảnh minh chứng. Khoảng trống MỚI — liên quan trực tiếp C2/vision và NT4.,x,Thừa,PRC-01; RAM-02; CPU-05,CL-2.5; CL-3.x.14; CL-3.x.13,2,,Chạm khoảng trống chất lượng ảnh sở cứ.
PNX_CAMPAIGN_MANAGEMENT_v3|R1-03-02,cap bo sung campaign 2.0 8964,PYC-8964,PNX_CAMPAIGN_MANAGEMENT_v3.docx,1,3,7,IV.1.1,Trang 7: Bổ sung sở cứ cần 256GB RAM,Đã sửa lại nội dung sizing và bổ sung sở cứ,RAM-01; RAM-02; STO-04; KPI-06; EVD-01; PRC-01; EVD-03,vừa,RAM + Dung lượng lưu trữ,,x,Thừa,RAM-02; PRC-01,CL-3.x.14; CL-2.5,2,,"Là RAM, không phải dung lượng lưu trữ — bỏ STO-04/KPI-06/EVD-01."
PNX_hethongVtag_v4|R1-15-02,cap moi hethong Vtag,,PNX_hethongVtag_v4.docx,1,6,,,Định cỡ máy chủ Mongo và Kafka: - Tải CPU đưa vào tính toán chưa đúng theo hình đưa ra,"Trong hình ảnh tý lệ tiêu thụ CPU, thông số Busy System = 20,08%  ~ 21% (trong công thức tính toán).",CPU-05; CPU-06; CPU-09; ARC-23; ARC-24; ARC-25; CPU-11; STO-21; STO-22,vừa,CPU sử dụng + Kafka,,x,Thừa,CPU-05; PRC-01,CL-3.x.13; CL-2.5,2,,Tải CPU đưa vào tính không khớp ảnh sở cứ. Các mã Kafka không phải việc ở đây.
PNX_MySign_v2|R1-03-01,cap moi MySign 10371,PYC-8059,PNX_MySign_v2.docx,1,3,,III,"Mục III. 1: Phần tính toán nhu cầu tài nguyên  tổng tài nguyên cint, ram tính toán lại, số liệu làm tròn nên đang bị thấp đi (cint 96, ram 47)",Đã sửa,CPU-01; CPU-02; CPU-10; RAM-01; RAM-02; EVD-10,vừa,Cint / SPEC CPU + RAM + KHOẢNG TRỐNG · Làm tròn / độ chính xác,"globals.lam_tron mới là quy ước làm tròn kết quả cuối, chưa thành quy tắc kiểm. Khoảng trống đã biết.",x,Thừa,EVD-10,CL-2.9; CL-3.x.20,2,,"⚠️ Ca thật của KHOẢNG TRỐNG ""làm tròn / độ chính xác số trung gian"": làm tròn khiến tài nguyên đề xuất bị THẤP đi (cint 96, ram 47). Đáng cân nhắc thành quy tắc."
PNX_MNP|R1-08-01,cap moi MNP 32034,PYC-32034,PNX_MNP.docx,1,8,55,,"Bổ sung sở cứ ram 236, 500tps, cint 990 (trang 55)",,CPU-01; CPU-02; CPU-10; RAM-01; RAM-02; PRC-01; EVD-03,vừa,Cint / SPEC CPU + RAM,,x,Đ,PRC-01; RAM-02; CPU-01; EVD-05,CL-2.5; CL-3.x.14; CL-3.x.13; CL-3.x.7,2,,
PNX_Sizing_APIGW-Meta_2024v4|R2-02-02,cap moi APIGW-Meta_2024 18927,PYC-18927,PNX_Sizing_APIGW-Meta_2024v4.docx,2,2,9,,Cpu này là cint hay vcpu,,ARC-05; CPU-03; CPU-04; ALC-02; CPU-01; CPU-02; CPU-10; CPU-05; CPU-06; CPU-09,vừa,Ảo hóa / overcommit / vCPU + Cint / SPEC CPU + CPU sử dụng,,x,Thừa,CPU-01; CPU-09,CL-3.x.13,2,,Chất vấn đơn vị: Cint hay vCPU → CPU-09 (quy đổi SPEC ra vCPU).
PNX_giam sat cuoc goi CSKH_bosung2022v2|R2-02-05,cap moi GSCG CSKH_bosung2022 23096,PYC-23096,PNX_giam sat cuoc goi CSKH_bosung2022v2.docx,2,2,5,,Bổ sung sở cứ cho cấu hình: RAM >= 96 GB,,RAM-01; RAM-02; STO-04; KPI-06; EVD-01; EVD-16; EVD-22; PRC-01; EVD-03,vừa,RAM + Dung lượng lưu trữ + Bảng tổng hợp đề xuất,,x,Thừa,PRC-01; RAM-02,CL-2.5; CL-3.x.14,2,,"Nội dung là sở cứ cho cấu hình RAM, không phải quy ước "">="" ở bảng tổng hợp."
PNX_hethongVtag_v4|R2-04-02,cap moi hethong Vtag,,PNX_hethongVtag_v4.docx,2,4,,,Định cỡ máy chủ Redis: Bổ sung dự phòng N+1 máy chủ,- Đã bổ sung dự phòng N+1 theo đề xuất,ARC-03; ARC-09; ARC-02; ARC-19; ARC-20; ARC-21; ARC-22; STO-19; STO-20; RAM-03,vừa,Dự phòng N+1 / N+M + Redis,,x,Thừa,ARC-03; ARC-09,CL-3.x.6; CL-3.2.4,2,,Dự phòng N+1 mức máy chủ. Các mã Redis về số master/slave là việc khác.
